{
  "_comment": "Example cookies file for Instagram client pool. Copy this file and rename it (e.g., account1.json, account2.json).",
  "_instructions": "To get cookies: 1. Open Instagram in browser 2. Open DevTools (F12) 3. Go to Application > Cookies 4. Copy sessionid, csrftoken, ds_user_id, mid values",
  "sessionid": "your_sessionid_here",
  "csrftoken": "your_csrftoken_here",
  "ds_user_id": "your_ds_user_id_here",
  "mid": "your_mid_here"
}
[{"domain":".instagram.com","hostOnly":false,"httpOnly":false,"name":"csrftoken","path":"\/","sameSite":"no_restriction","secure":true,"session":false,"storeId":null,"value":"v5x4RvhJszAmAjdTMITIY5IaXp5yWnAH","id":1},{"domain":".instagram.com","hostOnly":false,"httpOnly":false,"name":"rur","path":"\/","sameSite":"no_restriction","secure":true,"session":false,"storeId":null,"value":"CLN\\05480323489287\\0541801667366:01fe13ef47e5d7addde7c288b31b7ef23f01896df6059428b8e1a64b59469ec380449b3a","id":2},{"domain":".instagram.com","hostOnly":false,"httpOnly":false,"name":"mid","path":"\/","sameSite":"no_restriction","secure":true,"session":false,"storeId":null,"value":"aYIMAAABAAGLFLyM7UJKNf15J_zm","id":3},{"domain":".instagram.com","hostOnly":false,"httpOnly":false,"name":"ds_user_id","path":"\/","sameSite":"no_restriction","secure":true,"session":false,"storeId":null,"value":"80323489287","id":4},{"domain":".instagram.com","hostOnly":false,"httpOnly":false,"name":"ig_did","path":"\/","sameSite":"no_restriction","secure":true,"session":false,"storeId":null,"value":"40235A18-1409-4E7D-AF4B-5119E435F61D","id":5},{"domain":".instagram.com","hostOnly":false,"httpOnly":true,"name":"sessionid","path":"\/","sameSite":"no_restriction","secure":true,"session":false,"storeId":null,"value":"80323489287%3AxvPdwvGMkRUTLi%3A3%3AAYhPEoUwml7Hl61PGx2X33znEOIHjUtAJ9qEAOfLLQ","id":6}]
[{"domain":".instagram.com","hostOnly":false,"httpOnly":false,"name":"csrftoken","path":"\/","sameSite":"no_restriction","secure":true,"session":false,"storeId":null,"value":"VYs61AjItJHMZwkkdgiP4aHPnb3C8UQI","id":1},{"domain":".instagram.com","hostOnly":false,"httpOnly":false,"name":"rur","path":"\/","sameSite":"no_restriction","secure":true,"session":false,"storeId":null,"value":"RVA\\05480135484766\\0541801666650:01fea6a2f9962e774465b4e5849e2197b67470c0654a39402804b83f393f65aa753c5c78","id":2},{"domain":".instagram.com","hostOnly":false,"httpOnly":false,"name":"mid","path":"\/","sameSite":"no_restriction","secure":true,"session":false,"storeId":null,"value":"aYIL_gABAAGvc-fJjIIFDY2HoUlG","id":3},{"domain":".instagram.com","hostOnly":false,"httpOnly":false,"name":"ds_user_id","path":"\/","sameSite":"no_restriction","secure":true,"session":false,"storeId":null,"value":"80135484766","id":4},{"domain":".instagram.com","hostOnly":false,"httpOnly":false,"name":"ig_did","path":"\/","sameSite":"no_restriction","secure":true,"session":false,"storeId":null,"value":"D86C11F2-8E6C-45B0-AA92-6EAA2C8D7486","id":5},{"domain":".instagram.com","hostOnly":false,"httpOnly":true,"name":"sessionid","path":"\/","sameSite":"no_restriction","secure":true,"session":false,"storeId":null,"value":"80135484766%3A85oWJAdhje78BG%3A12%3AAYgabThzrBYJUSV9DmPw1nnBIB05QD4a6jLSM1nKag","id":6}]